full_dataset_count,full_dataset_auc,target_kept_count,mean_actual_kept_count,best_method,mean_heldout_auc,std_heldout_auc,mean_retained_confounded_fraction,mean_retained_negation_rate
790,0.6797367615549433,650,650.0,feature_balanced,0.6317175523337996,0.038564118653283117,0.6046153846153847,0.4
790,0.6797367615549433,595,595.0,feature_balanced,0.6163580028339725,0.03777773915170078,0.5680672268907563,0.3445378151260504
790,0.6797367615549433,550,550.0,feature_balanced,0.5873062854074598,0.04490616904535449,0.5636363636363636,0.2909090909090909
790,0.6797367615549433,500,500.0,feature_balanced,0.568089589632193,0.045239860228774006,0.546,0.22000000000000003
790,0.6797367615549433,450,450.0,feature_balanced,0.537963292596384,0.03714210221384775,0.5266666666666666,0.13333333333333333
790,0.6797367615549433,400,400.0,feature_balanced,0.5449678205934078,0.015823674864450077,0.505,0.025
790,0.6797367615549433,350,350.0,feature_balanced,0.5355893044791012,0.019563714783902307,0.4514285714285714,0.0
790,0.6797367615549433,300,300.0,feature_balanced,0.5101321639869529,0.008616729669671218,0.36,0.0
